id,X,Y,azimuth,elevation,x_light,y_light,new_indexes
22,0.12744,-0.68662,280.5147,44.2945,-0.0768,0.1536,0
23,0.01848,-0.68756,271.5396,43.4569,-0.0512,0.1536,1
24,-0.08262,-0.68989,263.1709,44.0128,-0.0256,0.1536,2
25,-0.18681,-0.68739,254.7961,45.4242,0.0,0.1536,3
35,0.47454,-0.58422,309.0857,48.8216,-0.1536,0.128,4
219,-0.41989,0.5961,125.1607,46.8142,0.0512,-0.1536,5
230,0.12534,0.70099,79.8624,45.4066,-0.0768,-0.1792,6
21,0.2417,-0.68545,289.4234,46.6201,-0.1024,0.1536,7
89,-0.23859,-0.26177,227.6524,20.7437,0.0,0.0512,8
88,-0.12364,-0.26702,245.1541,17.1129,-0.0256,0.0512,9
37,0.21731,-0.58052,290.5227,38.306,-0.1024,0.128,10
36,0.33089,-0.58054,299.6818,41.9297,-0.128,0.128,11
43,-0.40887,-0.57779,234.7151,45.0582,0.0512,0.128,12
50,0.55814,-0.48511,319.0043,47.6884,-0.1792,0.1024,13
218,-0.31813,0.60225,117.8446,42.9305,0.0256,-0.1536,14
229,0.2364,0.69499,71.2143,47.2308,-0.1024,-0.1792,15
231,0.01524,0.70281,88.7578,44.6662,-0.0512,-0.1792,16
233,-0.19502,0.70191,105.5275,46.7607,0.0,-0.1792,17
90,-0.35038,-0.25872,216.4421,25.8202,0.0256,0.0512,18
87,-0.00843,-0.26729,268.1936,15.511,-0.0512,0.0512,19
38,0.10913,-0.58452,280.5754,36.4856,-0.0768,0.128,20
40,-0.10403,-0.58544,259.924,36.4849,-0.0256,0.128,21
42,-0.30701,-0.58114,242.153,41.0906,0.0256,0.128,22
75,-0.44319,-0.36299,219.3188,34.9505,0.0512,0.0768,23
51,0.43311,-0.47162,312.5627,39.8157,-0.1536,0.1024,24
217,-0.2114,0.60658,109.214,39.9682,0.0,-0.1536,25
99,0.43998,-0.15093,341.0661,27.7198,-0.1536,0.0256,26
98,0.54185,-0.15226,344.3046,34.2522,-0.1792,0.0256,27
232,-0.08859,0.70376,97.1747,45.1791,-0.0256,-0.1792,28
91,-0.45487,-0.25209,208.9953,31.3359,0.0512,0.0512,29
86,0.10551,-0.2675,291.5258,16.7117,-0.0768,0.0512,30
39,0.00406,-0.58536,270.3974,35.8294,-0.0512,0.128,31
41,-0.20584,-0.58251,250.5383,38.1563,0.0,0.128,32
76,-0.54275,-0.35336,213.0663,40.3641,0.0768,0.0768,33
74,-0.33998,-0.36962,227.3919,30.1457,0.0256,0.0768,34
52,0.32518,-0.47467,304.4137,35.1257,-0.128,0.1024,35
53,0.21265,-0.47923,293.9284,31.6205,-0.1024,0.1024,36
212,0.33642,0.59437,60.4897,43.0765,-0.128,-0.1536,37
213,0.22246,0.59997,69.656,39.7832,-0.1024,-0.1536,38
216,-0.10088,0.61207,99.3592,38.3401,-0.0256,-0.1536,39
100,0.33209,-0.14976,335.7264,21.3643,-0.128,0.0256,40
97,0.64153,-0.15529,346.3926,41.3042,-0.2048,0.0256,41
92,-0.55248,-0.24374,203.8058,37.1466,0.0768,0.0512,42
85,0.21761,-0.26362,309.5386,19.9886,-0.1024,0.0512,43
82,0.54187,-0.25749,334.5835,36.8654,-0.1792,0.0512,44
77,-0.6305,-0.35103,209.1068,46.1894,0.1024,0.0768,45
73,-0.23131,-0.37384,238.2532,26.0793,0.0,0.0768,46
56,-0.11032,-0.4827,257.1263,29.6794,-0.0256,0.1024,47
55,-0.00682,-0.48404,269.1928,28.9527,-0.0512,0.1024,48
54,0.10706,-0.48096,282.5492,29.5203,-0.0768,0.1024,49
211,0.45991,0.58338,51.7494,47.9761,-0.1536,-0.1536,50
214,0.11426,0.60642,79.3296,38.104,-0.0768,-0.1536,51
215,0.0062,0.60915,89.4169,37.5303,-0.0512,-0.1536,52
102,0.10836,-0.15188,305.5063,10.7528,-0.0768,0.0256,53
101,0.22243,-0.1521,325.6353,15.6322,-0.1024,0.0256,54
93,-0.64223,-0.24089,200.5602,43.3081,0.1024,0.0512,55
84,0.32793,-0.26342,321.2257,24.8743,-0.128,0.0512,56
81,0.64209,-0.26194,337.807,43.9049,-0.2048,0.0512,57
72,-0.11956,-0.37809,252.452,23.3623,-0.0256,0.0768,58
57,-0.22106,-0.47821,245.1905,31.7917,0.0,0.1024,59
58,-0.32635,-0.47382,235.4423,35.1231,0.0256,0.1024,60
59,-0.4304,-0.4694,227.4818,39.5575,0.0512,0.1024,61
60,-0.52431,-0.47042,221.899,44.782,0.0768,0.1024,62
204,-0.53099,0.49421,137.0547,46.5015,0.0768,-0.128,63
107,-0.46009,-0.14225,197.1805,28.7885,0.0512,0.0256,64
106,-0.3513,-0.14539,202.4828,22.3459,0.0256,0.0256,65
105,-0.23863,-0.14756,211.7311,16.2941,0.0,0.0256,66
104,-0.12244,-0.14805,230.4086,11.0766,-0.0256,0.0256,67
103,-0.0075,-0.14944,267.1269,8.6054,-0.0512,0.0256,68
83,0.43378,-0.25994,329.0681,30.3779,-0.1536,0.0512,69
71,-0.00666,-0.37852,268.992,22.2457,-0.0512,0.0768,70
70,0.10524,-0.37774,285.5681,23.0869,-0.0768,0.0768,71
69,0.2161,-0.37426,300.0024,25.6053,-0.1024,0.0768,72
68,0.32585,-0.36897,311.4488,29.489,-0.128,0.0768,73
67,0.4335,-0.36847,319.6358,34.6763,-0.1536,0.0768,74
66,0.53949,-0.36914,325.6186,40.8206,-0.1792,0.0768,75
152,-0.12268,0.19365,122.3548,13.2523,-0.0256,-0.0512,76
151,-0.00797,0.19331,92.3609,11.1556,-0.0512,-0.0512,77
150,0.10502,0.18825,60.8439,12.4485,-0.0768,-0.0512,78
149,0.21925,0.19157,41.1454,16.927,-0.1024,-0.0512,79
148,0.33032,0.18144,28.7794,22.14,-0.128,-0.0512,80
147,0.43845,0.17421,21.6695,28.1507,-0.1536,-0.0512,81
123,-0.46369,-0.03303,184.0745,27.7015,0.0512,0.0,82
115,0.43935,-0.04207,354.5303,26.1907,-0.1536,0.0,83
114,0.54363,-0.04627,355.1351,33.0654,-0.1792,0.0,84
113,0.64257,-0.05092,355.4691,40.1345,-0.2048,0.0,85
109,-0.64907,-0.12862,191.2086,41.429,0.1024,0.0256,86
108,-0.55857,-0.13753,193.8321,35.1173,0.0768,0.0256,87
203,-0.43535,0.49867,131.1217,41.4501,0.0512,-0.128,88
153,-0.24169,0.19302,141.3882,18.0175,0.0,-0.0512,89
156,-0.55934,0.18548,161.6542,36.1067,0.0768,-0.0512,90
157,-0.65072,0.18444,164.1752,42.5594,0.1024,-0.0512,91
161,0.6465,0.2482,21.0025,43.8289,-0.2048,-0.0768,92
146,0.54067,0.16133,16.6145,34.3486,-0.1792,-0.0512,93
136,-0.12554,0.08143,147.031,8.6059,-0.0256,-0.0256,94
124,-0.56435,-0.028,182.8404,34.4054,0.0768,0.0,95
121,-0.24077,-0.03346,187.9118,14.0686,0.0,0.0,96
116,0.33272,-0.03916,353.2874,19.5735,-0.128,0.0,97
199,-0.00178,0.51542,90.1979,31.0257,-0.0512,-0.128,98
200,-0.11218,0.51602,102.265,31.8753,-0.0256,-0.128,99
201,-0.21924,0.51266,113.1541,33.888,0.0,-0.128,100
202,-0.33365,0.50408,123.5005,37.1928,0.0256,-0.128,101
154,-0.35283,0.18998,151.6999,23.6236,0.0256,-0.0512,102
155,-0.46175,0.18734,157.9168,29.888,0.0512,-0.0512,103
162,0.54277,0.264,25.938,37.1259,-0.1792,-0.0768,104
145,0.64198,0.14768,12.9548,41.2044,-0.2048,-0.0512,105
138,-0.35616,0.08048,167.267,21.4162,0.0256,-0.0256,106
135,-0.00862,0.07477,96.5764,4.3165,-0.0512,-0.0256,107
125,-0.65384,-0.02426,182.1249,40.8658,0.1024,0.0,108
122,-0.35574,-0.03157,185.0714,20.9245,0.0256,0.0,109
120,-0.1233,-0.03586,196.2163,7.3777,-0.0256,0.0,110
117,0.21908,-0.03783,350.203,12.8455,-0.1024,0.0,111
198,0.1072,0.51159,78.1653,31.5136,-0.0768,-0.128,112
197,0.21782,0.50461,66.6521,33.3406,-0.1024,-0.128,113
196,0.32807,0.49518,56.4745,36.4412,-0.128,-0.128,114
163,0.43486,0.28053,32.8262,31.1643,-0.1536,-0.0768,115
141,-0.65561,0.08014,173.0309,41.3372,0.1024,-0.0256,116
139,-0.46412,0.07757,170.5117,28.0705,0.0512,-0.0256,117
137,-0.24233,0.08027,161.6729,14.7901,0.0,-0.0256,118
134,0.10386,0.07732,36.6663,7.4396,-0.0768,-0.0256,119
129,0.64402,0.04901,4.3518,40.2318,-0.2048,-0.0256,120
182,0.10418,0.41167,75.7985,25.1284,-0.0768,-0.1024,121
184,-0.11705,0.4136,105.8017,25.4576,-0.0256,-0.1024,122
119,-0.00759,-0.03573,258.0071,2.0933,-0.0512,0.0,123
118,0.10366,-0.03363,342.0256,6.2564,-0.0768,0.0,124
194,0.55681,0.47176,40.2731,46.8689,-0.1792,-0.128,125
195,0.43649,0.48401,47.9552,40.6743,-0.1536,-0.128,126
164,0.32958,0.29298,41.6355,26.1662,-0.128,-0.0768,127
140,-0.5629,0.07844,172.0669,34.6345,0.0768,-0.0256,128
167,-0.00702,0.30498,91.3186,17.7618,-0.0512,-0.0768,129
168,-0.12215,0.30707,111.6923,19.2975,-0.0256,-0.0768,130
133,0.2219,0.07733,19.213,13.5909,-0.1024,-0.0256,131
130,0.54293,0.05668,5.9599,33.0849,-0.1792,-0.0256,132
181,0.21683,0.40261,61.6948,27.2121,-0.1024,-0.1024,133
183,-0.00715,0.41462,90.988,24.4993,-0.0512,-0.1024,134
185,-0.23294,0.41117,119.5328,28.2012,0.0,-0.1024,135
188,-0.54491,0.39079,144.3533,42.1099,0.0768,-0.1024,136
189,-0.63214,0.38912,148.3852,47.9281,0.1024,-0.1024,137
165,0.21777,0.29599,53.6568,21.5596,-0.1024,-0.0768,138
166,0.10744,0.30198,70.4152,18.6946,-0.0768,-0.0768,139
169,-0.23756,0.30493,127.9209,22.7397,0.0,-0.0768,140
132,0.33372,0.07305,12.3471,19.9757,-0.128,-0.0256,141
131,0.44233,0.06667,8.5714,26.5723,-0.1536,-0.0256,142
180,0.32486,0.39574,50.6177,30.7972,-0.128,-0.1024,143
179,0.43624,0.38424,41.3736,35.5442,-0.1536,-0.1024,144
186,-0.34064,0.40368,130.1589,31.8838,0.0256,-0.1024,145
187,-0.446,0.40014,138.1023,36.8119,0.0512,-0.1024,146
170,-0.35067,0.29872,139.5738,27.4294,0.0256,-0.0768,147
171,-0.45315,0.2937,147.0515,32.6839,0.0512,-0.0768,148
172,-0.55351,0.29094,152.2724,38.7053,0.0768,-0.0768,149
173,-0.6428,0.28836,155.839,44.7905,0.1024,-0.0768,150
178,0.54157,0.37012,34.3495,40.9927,-0.1792,-0.1024,151
